Order_ID,Order_Date,Product,Region,Quantity,Sales_Amount,Customer
1001,2026-08-01,Laptop,South,2,120000,Customer_A
1002,2026-08-03,Phone,North,5,75000,Customer_B
1003,2026-08-05,Laptop,South,1,60000,Customer_C
1004,2026-08-08,Tablet,West,3,45000,Customer_D
1005,2026-08-10,Phone,South,4,60000,Customer_E
1006,2026-08-12,Laptop,North,2,120000,Customer_F
1007,2026-08-15,Tablet,South,5,75000,Customer_G
1008,2026-08-18,Monitor,West,2,50000,Customer_H
1009,2026-08-20,Laptop,South,3,180000,Customer_I
1010,2026-08-22,Phone,North,3,45000,Customer_J
1011,2026-09-01,Laptop,South,2,120000,Customer_K
1012,2026-09-03,Phone,East,4,60000,Customer_L
1013,2026-09-05,Tablet,South,2,30000,Customer_M
1014,2026-09-07,Laptop,North,1,60000,Customer_N
1015,2026-09-10,Monitor,South,3,75000,Customer_O
1016,2026-09-12,Phone,South,5,75000,Customer_P
1017,2026-09-15,Laptop,South,4,240000,Customer_Q
1018,2026-09-18,Tablet,West,2,30000,Customer_R
1019,2026-09-20,Phone,North,2,30000,Customer_S
1020,2026-09-25,Laptop,East,2,120000,Customer_T